title,link,published,thumbnail,location,summary,source
CWS Sanitation Truck driver spreads kindness throughout Lexington - WIS News 10,https://news.google.com/rss/articles/CBMiY2h0dHBzOi8vd3d3Lndpc3R2LmNvbS8yMDI0LzA2LzA2L2N3cy1zYW5pdGF0aW9uLXRydWNrLWRyaXZlci1zcHJlYWRzLWtpbmRuZXNzLXRocm91Z2hvdXQtbGV4aW5ndG9uL9IBcmh0dHBzOi8vd3d3Lndpc3R2LmNvbS8yMDI0LzA2LzA2L2N3cy1zYW5pdGF0aW9uLXRydWNrLWRyaXZlci1zcHJlYWRzLWtpbmRuZXNzLXRocm91Z2hvdXQtbGV4aW5ndG9uLz9vdXRwdXRUeXBlPWFtcA?oc=5,2024-06-06 10:48:00,https://gray-wistv-prod.cdn.arcpublishing.com/resizer/v2/C4WVZOSVTRBLHJXEE4JWCIVHIQ.bmp?auth=43a29e13c2182e3625c68311edd82022a7f6935bbc579cbca86d8e71963dfcf2&width=1200&height=600&smart=true,"(38.0464066, -84.4970393)","<a href=""https://news.google.com/rss/articles/CBMiY2h0dHBzOi8vd3d3Lndpc3R2LmNvbS8yMDI0LzA2LzA2L2N3cy1zYW5pdGF0aW9uLXRydWNrLWRyaXZlci1zcHJlYWRzLWtpbmRuZXNzLXRocm91Z2hvdXQtbGV4aW5ndG9uL9IBcmh0dHBzOi8vd3d3Lndpc3R2LmNvbS8yMDI0LzA2LzA2L2N3cy1zYW5pdGF0aW9uLXRydWNrLWRyaXZlci1zcHJlYWRzLWtpbmRuZXNzLXRocm91Z2hvdXQtbGV4aW5ndG9uLz9vdXRwdXRUeXBlPWFtcA?oc=5"" target=""_blank"">CWS Sanitation Truck driver spreads kindness throughout Lexington</a>&nbsp;&nbsp;<font color=""#6f6f6f"">WIS News 10</font>",Google News
Simple Kindness for Youth Excited to Bring Chicken Bingo Back to Bridgefest - keweenawreport.com,https://news.google.com/rss/articles/CBMic2h0dHA6Ly93d3cua2V3ZWVuYXdyZXBvcnQuY29tL2ZlYXR1cmVkL3NpbXBsZS1raW5kbmVzcy1mb3IteW91dGgtZXhjaXRlZC10by1icmluZy1jaGlja2VuLWJpbmdvLWJhY2stdG8tYnJpZGdlZmVzdC_SAQA?oc=5,2024-06-07 15:33:16,http://www.keweenawreport.com/wp-content/uploads/2017/09/SKY-Simple-Kindness-For-Youth-660x330.jpg,"(38.458269200000004, -78.0161608008969)","<a href=""https://news.google.com/rss/articles/CBMic2h0dHA6Ly93d3cua2V3ZWVuYXdyZXBvcnQuY29tL2ZlYXR1cmVkL3NpbXBsZS1raW5kbmVzcy1mb3IteW91dGgtZXhjaXRlZC10by1icmluZy1jaGlja2VuLWJpbmdvLWJhY2stdG8tYnJpZGdlZmVzdC_SAQA?oc=5"" target=""_blank"">Simple Kindness for Youth Excited to Bring Chicken Bingo Back to Bridgefest</a>&nbsp;&nbsp;<font color=""#6f6f6f"">keweenawreport.com</font>",Google News
4th Annual Kindness Blossoms Award Ceremony - COLlive,https://news.google.com/rss/articles/CBMiQGh0dHBzOi8vY29sbGl2ZS5jb20vNHRoLWFubnVhbC1raW5kbmVzcy1ibG9zc29tcy1hd2FyZC1jZXJlbW9ueS_SAQA?oc=5,2024-06-06 20:57:15,C:/Users/Mikael Lemieux/Documents/Scripts/Curling_Scripts/Imagery/Curling News.png,,"<a href=""https://news.google.com/rss/articles/CBMiQGh0dHBzOi8vY29sbGl2ZS5jb20vNHRoLWFubnVhbC1raW5kbmVzcy1ibG9zc29tcy1hd2FyZC1jZXJlbW9ueS_SAQA?oc=5"" target=""_blank"">4th Annual Kindness Blossoms Award Ceremony</a>&nbsp;&nbsp;<font color=""#6f6f6f"">COLlive</font>",Google News
"Random Acts of Kindness: On his way to a military funeral, this veteran and his car got a lift - Pittsburgh Post-Gazette",https://news.google.com/rss/articles/CBMimQFodHRwczovL3d3dy5wb3N0LWdhemV0dGUuY29tL2xpZmUvZ29vZG5lc3MvMjAyNC8wNi8wNi9yYW5kb20tYWN0cy1vZi1raW5kbmVzcy1taWxpdGFyeS1mdW5lcmFsLWZsYXQtdGlyZS1oaWxsY3Jlc3QtY2hyaXN0aWFuLWFjYWRlbXkvc3Rvcmllcy8yMDI0MDYwNjAwMTHSAQA?oc=5,2024-06-06 09:30:00,https://9b16f79ca967fd0708d1-2713572fef44aa49ec323e813b06d2d9.ssl.cf2.rackcdn.com/1140x_a10-7_cTC/web-20230820-goodrak-flat-tire-repair-jpg-1717512920.jpg,,"<a href=""https://news.google.com/rss/articles/CBMimQFodHRwczovL3d3dy5wb3N0LWdhemV0dGUuY29tL2xpZmUvZ29vZG5lc3MvMjAyNC8wNi8wNi9yYW5kb20tYWN0cy1vZi1raW5kbmVzcy1taWxpdGFyeS1mdW5lcmFsLWZsYXQtdGlyZS1oaWxsY3Jlc3QtY2hyaXN0aWFuLWFjYWRlbXkvc3Rvcmllcy8yMDI0MDYwNjAwMTHSAQA?oc=5"" target=""_blank"">Random Acts of Kindness: On his way to a military funeral, this veteran and his car got a lift</a>&nbsp;&nbsp;<font color=""#6f6f6f"">Pittsburgh Post-Gazette</font>",Google News
Human kindness is a frequent and universal behavior. - Psychology Today,https://news.google.com/rss/articles/CBMiWWh0dHBzOi8vd3d3LnBzeWNob2xvZ3l0b2RheS5jb20vdXMvYmxvZy9mcmF6emxlYnJhaW4vMjAyNDA2L3RoZS1teXN0ZXJ5LW9mLWh1bWFuLWtpbmRuZXNz0gFdaHR0cHM6Ly93d3cucHN5Y2hvbG9neXRvZGF5LmNvbS91cy9ibG9nL2ZyYXp6bGVicmFpbi8yMDI0MDYvdGhlLW15c3Rlcnktb2YtaHVtYW4ta2luZG5lc3M_YW1w?oc=5,2024-06-06 21:12:03,https://cdn2.psychologytoday.com/assets/styles/manual_crop_1_91_1_1528x800/public/teaser_image/blog_entry/2024-06/ditto-bowo-Fnv_6O4stLg-unsplash.jpg?itok=gIy1AjPq,"(32.9594891, -117.2653146)","<a href=""https://news.google.com/rss/articles/CBMiWWh0dHBzOi8vd3d3LnBzeWNob2xvZ3l0b2RheS5jb20vdXMvYmxvZy9mcmF6emxlYnJhaW4vMjAyNDA2L3RoZS1teXN0ZXJ5LW9mLWh1bWFuLWtpbmRuZXNz0gFdaHR0cHM6Ly93d3cucHN5Y2hvbG9neXRvZGF5LmNvbS91cy9ibG9nL2ZyYXp6bGVicmFpbi8yMDI0MDYvdGhlLW15c3Rlcnktb2YtaHVtYW4ta2luZG5lc3M_YW1w?oc=5"" target=""_blank"">Human kindness is a frequent and universal behavior.</a>&nbsp;&nbsp;<font color=""#6f6f6f"">Psychology Today</font>",Google News
New Orleans actor works with Emma Stone and Hong Chau in NOLA-shot 'Kinds of Kindness' - NOLA.com,https://news.google.com/rss/articles/CBMikAFodHRwczovL3d3dy5ub2xhLmNvbS9lbnRlcnRhaW5tZW50X2xpZmUvamFxdWFuLW1vbnJvZS1oZW5kZXJzb24taW4tbm9sYS1zaG90LWtpbmRzLW9mLWtpbmRuZXNzL2FydGljbGVfMjI4NzlmMTItMjM2OC0xMWVmLThkYzYtMzNiOTkzZWE1MTNlLmh0bWzSAZQBaHR0cHM6Ly93d3cubm9sYS5jb20vZW50ZXJ0YWlubWVudF9saWZlL2phcXVhbi1tb25yb2UtaGVuZGVyc29uLWluLW5vbGEtc2hvdC1raW5kcy1vZi1raW5kbmVzcy9hcnRpY2xlXzIyODc5ZjEyLTIzNjgtMTFlZi04ZGM2LTMzYjk5M2VhNTEzZS5hbXAuaHRtbA?oc=5,2024-06-06 14:30:00,https://bloximages.newyork1.vip.townnews.com/nola.com/content/tncms/assets/v3/editorial/6/e9/6e97ac12-2368-11ef-b29e-bfbbeb4a053d/6660acab13e48.image.jpg?crop=1107%2C581%2C38%2C386&resize=1107%2C581&order=crop%2Cresize,"(29.9759983, -90.0782127)","<a href=""https://news.google.com/rss/articles/CBMikAFodHRwczovL3d3dy5ub2xhLmNvbS9lbnRlcnRhaW5tZW50X2xpZmUvamFxdWFuLW1vbnJvZS1oZW5kZXJzb24taW4tbm9sYS1zaG90LWtpbmRzLW9mLWtpbmRuZXNzL2FydGljbGVfMjI4NzlmMTItMjM2OC0xMWVmLThkYzYtMzNiOTkzZWE1MTNlLmh0bWzSAZQBaHR0cHM6Ly93d3cubm9sYS5jb20vZW50ZXJ0YWlubWVudF9saWZlL2phcXVhbi1tb25yb2UtaGVuZGVyc29uLWluLW5vbGEtc2hvdC1raW5kcy1vZi1raW5kbmVzcy9hcnRpY2xlXzIyODc5ZjEyLTIzNjgtMTFlZi04ZGM2LTMzYjk5M2VhNTEzZS5hbXAuaHRtbA?oc=5"" target=""_blank"">New Orleans actor works with Emma Stone and Hong Chau in NOLA-shot 'Kinds of Kindness'</a>&nbsp;&nbsp;<font color=""#6f6f6f"">NOLA.com</font>",Google News
Letter: Who could dispute that America needs a return to kindness? - St. Louis Post-Dispatch,https://news.google.com/rss/articles/CBMimwFodHRwczovL3d3dy5zdGx0b2RheS5jb20vb3Bpbmlvbi9sZXR0ZXJzL2xldHRlci13aG8tY291bGQtZGlzcHV0ZS10aGF0LWFtZXJpY2EtbmVlZHMtYS1yZXR1cm4tdG8ta2luZG5lc3MvYXJ0aWNsZV9iY2M1NTk4Ni0yNDQ3LTExZWYtYmFiYi0zNzc2N2QzN2MwN2UuaHRtbNIBAA?oc=5,2024-06-07 10:45:00,https://bloximages.newyork1.vip.townnews.com/stltoday.com/content/tncms/assets/v3/editorial/b/cc/bcc55986-2447-11ef-babb-37767d37c07e/6662259b97720.preview.jpg?crop=1702%2C894%2C60%2C241&resize=1200%2C630&order=crop%2Cresize,"(38.6280278, -90.1910154)","<a href=""https://news.google.com/rss/articles/CBMimwFodHRwczovL3d3dy5zdGx0b2RheS5jb20vb3Bpbmlvbi9sZXR0ZXJzL2xldHRlci13aG8tY291bGQtZGlzcHV0ZS10aGF0LWFtZXJpY2EtbmVlZHMtYS1yZXR1cm4tdG8ta2luZG5lc3MvYXJ0aWNsZV9iY2M1NTk4Ni0yNDQ3LTExZWYtYmFiYi0zNzc2N2QzN2MwN2UuaHRtbNIBAA?oc=5"" target=""_blank"">Letter: Who could dispute that America needs a return to kindness?</a>&nbsp;&nbsp;<font color=""#6f6f6f"">St. Louis Post-Dispatch</font>",Google News
Lunching seniors shocked by mystery stranger's act of kindness - SooToday,https://news.google.com/rss/articles/CBMiZmh0dHBzOi8vd3d3LnNvb3RvZGF5LmNvbS9oZWxwZXJzL2x1bmNoaW5nLXNlbmlvcnMtc2hvY2tlZC1ieS1teXN0ZXJ5LXN0cmFuZ2Vycy1hY3Qtb2Yta2luZG5lc3MtOTAyNDI2MdIBAA?oc=5,2024-06-07 17:00:00,https://www.vmcdn.ca/f/files/sootoday/images/business/east-end-husky/06-29-2019-east-end-husky-1.jpeg;w=1200;h=800;mode=crop,,"<a href=""https://news.google.com/rss/articles/CBMiZmh0dHBzOi8vd3d3LnNvb3RvZGF5LmNvbS9oZWxwZXJzL2x1bmNoaW5nLXNlbmlvcnMtc2hvY2tlZC1ieS1teXN0ZXJ5LXN0cmFuZ2Vycy1hY3Qtb2Yta2luZG5lc3MtOTAyNDI2MdIBAA?oc=5"" target=""_blank"">Lunching seniors shocked by mystery stranger's act of kindness</a>&nbsp;&nbsp;<font color=""#6f6f6f"">SooToday</font>",Google News
"Posterized June 2024: Kinds of Kindness, Janet Planet, Music & More - The Film Stage",https://news.google.com/rss/articles/CBMiLmh0dHBzOi8vdGhlZmlsbXN0YWdlLmNvbS9wb3N0ZXJpemVkLWp1bmUtMjAyNC_SAQA?oc=5,2024-06-07 12:04:11,https://thefilmstage.com/wp-content/uploads/2024/06/Kinds-of-Kindness-header.jpg,"(34.0980031, -118.329523)","<a href=""https://news.google.com/rss/articles/CBMiLmh0dHBzOi8vdGhlZmlsbXN0YWdlLmNvbS9wb3N0ZXJpemVkLWp1bmUtMjAyNC_SAQA?oc=5"" target=""_blank"">Posterized June 2024: Kinds of Kindness, Janet Planet, Music & More</a>&nbsp;&nbsp;<font color=""#6f6f6f"">The Film Stage</font>",Google News
"‘Survivor’ Issues Rare Statement To Viewers, Asks Them To “Please Consider Embracing Kindness” - Deadline",https://news.google.com/rss/articles/CBMiaWh0dHBzOi8vZGVhZGxpbmUuY29tLzIwMjQvMDUvc3Vydml2b3ItaXNzdWVzLXN0YXRlbWVudC10by12aWV3ZXJzLWNvbnNpZGVyLWVtYnJhY2luZy1raW5kbmVzcy0xMjM1OTQ1Mzk5L9IBbWh0dHBzOi8vZGVhZGxpbmUuY29tLzIwMjQvMDUvc3Vydml2b3ItaXNzdWVzLXN0YXRlbWVudC10by12aWV3ZXJzLWNvbnNpZGVyLWVtYnJhY2luZy1raW5kbmVzcy0xMjM1OTQ1Mzk5L2FtcC8?oc=5,2024-05-30 07:00:00,https://deadline.com/wp-content/uploads/2024/05/Survivor_4613_SG_0063bc.jpg?w=1024,"(34.0980031, -118.329523)","<a href=""https://news.google.com/rss/articles/CBMiaWh0dHBzOi8vZGVhZGxpbmUuY29tLzIwMjQvMDUvc3Vydml2b3ItaXNzdWVzLXN0YXRlbWVudC10by12aWV3ZXJzLWNvbnNpZGVyLWVtYnJhY2luZy1raW5kbmVzcy0xMjM1OTQ1Mzk5L9IBbWh0dHBzOi8vZGVhZGxpbmUuY29tLzIwMjQvMDUvc3Vydml2b3ItaXNzdWVzLXN0YXRlbWVudC10by12aWV3ZXJzLWNvbnNpZGVyLWVtYnJhY2luZy1raW5kbmVzcy0xMjM1OTQ1Mzk5L2FtcC8?oc=5"" target=""_blank"">‘Survivor’ Issues Rare Statement To Viewers, Asks Them To “Please Consider Embracing Kindness”</a>&nbsp;&nbsp;<font color=""#6f6f6f"">Deadline</font>",Google News
Bergen County Students Honored with Kindness Award - RLS Media,https://news.google.com/rss/articles/CBMiI2h0dHBzOi8vd3d3LnJsc21lZGlhLmNvbS9ub2RlLzU2Njky0gEA?oc=5,2024-06-09 09:14:26,https://www.rlsmedia.com/sites/default/files/styles/og_image/public/field/image/article/IMG_4928.jpeg?h=8f74817f&itok=uJmc3Yz8,"(40.8860164, -74.0072568)","<a href=""https://news.google.com/rss/articles/CBMiI2h0dHBzOi8vd3d3LnJsc21lZGlhLmNvbS9ub2RlLzU2Njky0gEA?oc=5"" target=""_blank"">Bergen County Students Honored with Kindness Award</a>&nbsp;&nbsp;<font color=""#6f6f6f"">RLS Media</font>",Google News
"MY TURN: Tribe exemplifies 'kindness, generosity and stewardship' - Coeur d'Alene Press",https://news.google.com/rss/articles/CBMiLmh0dHBzOi8vY2RhcHJlc3MuY29tL25ld3MvMjAyNC9qdW4vMDUvbXktdHVybi_SAQA?oc=5,2024-06-05 08:00:00,https://hagadone.media.clients.ellingtoncms.com/img/photos/2023/11/21/Ron_Jacobson_r1200x630.png?b7d505e466ff31ef2a911eceee85296b69915698,"(47.6742994, -116.7811531)","<a href=""https://news.google.com/rss/articles/CBMiLmh0dHBzOi8vY2RhcHJlc3MuY29tL25ld3MvMjAyNC9qdW4vMDUvbXktdHVybi_SAQA?oc=5"" target=""_blank"">MY TURN: Tribe exemplifies 'kindness, generosity and stewardship'</a>&nbsp;&nbsp;<font color=""#6f6f6f"">Coeur d'Alene Press</font>",Google News
"Remembering a baby, gone too soon, through random acts of kindness - WBAY",https://news.google.com/rss/articles/CBMiXGh0dHBzOi8vd3d3LndiYXkuY29tLzIwMjQvMDYvMDUvcmVtZW1iZXJpbmctYmFieS1nb25lLXRvby1zb29uLXRocm91Z2gtcmFuZG9tLWFjdHMta2luZG5lc3Mv0gFraHR0cHM6Ly93d3cud2JheS5jb20vMjAyNC8wNi8wNS9yZW1lbWJlcmluZy1iYWJ5LWdvbmUtdG9vLXNvb24tdGhyb3VnaC1yYW5kb20tYWN0cy1raW5kbmVzcy8_b3V0cHV0VHlwZT1hbXA?oc=5,2024-06-05 23:36:00,https://gray-wbay-prod.cdn.arcpublishing.com/resizer/v2/FYPLJWB7H5AXPDE6RZHXEALWHA.jpg?auth=159a871f9646222736805c41aaeae4e890cf1b63a3ab576e9ede00a9483571e3&width=1200&height=600&smart=true,"(44.4308975, -89.6884637)","<a href=""https://news.google.com/rss/articles/CBMiXGh0dHBzOi8vd3d3LndiYXkuY29tLzIwMjQvMDYvMDUvcmVtZW1iZXJpbmctYmFieS1nb25lLXRvby1zb29uLXRocm91Z2gtcmFuZG9tLWFjdHMta2luZG5lc3Mv0gFraHR0cHM6Ly93d3cud2JheS5jb20vMjAyNC8wNi8wNS9yZW1lbWJlcmluZy1iYWJ5LWdvbmUtdG9vLXNvb24tdGhyb3VnaC1yYW5kb20tYWN0cy1raW5kbmVzcy8_b3V0cHV0VHlwZT1hbXA?oc=5"" target=""_blank"">Remembering a baby, gone too soon, through random acts of kindness</a>&nbsp;&nbsp;<font color=""#6f6f6f"">WBAY</font>",Google News
Jennifer Garner works with paparazzo to create an act of kindness for homeless man - Upworthy,https://news.google.com/rss/articles/CBMib2h0dHBzOi8vd3d3LnVwd29ydGh5LmNvbS9qZW5uaWZlci1nYXJuZXItd29ya3Mtd2l0aC1wYXBhcmF6em8tdG8tY3JlYXRlLWFuLWFjdC1vZi1raW5kbmVzcy1mb3ItaG9tZWxlc3MtbWFuLXJwM9IBfmh0dHBzOi8vd3d3LnVwd29ydGh5LmNvbS9hbXAvamVubmlmZXItZ2FybmVyLXdvcmtzLXdpdGgtcGFwYXJhenpvLXRvLWNyZWF0ZS1hbi1hY3Qtb2Yta2luZG5lc3MtZm9yLWhvbWVsZXNzLW1hbi1ycDMtMjY2NTcxOTQzNw?oc=5,2024-06-08 21:00:00,https://assets.rebelmouse.io/eyJhbGciOiJIUzI1NiIsInR5cCI6IkpXVCJ9.eyJpbWFnZSI6Imh0dHBzOi8vYXNzZXRzLnJibC5tcy80MzUwOTIwNC9vcmlnaW4ucG5nIiwiZXhwaXJlc19hdCI6MTc2MjQ3NDkxMH0.FM2RgRWvSEkXuRmdGO8RaqF6YHwRc_jZREM2-3MpAbc/img.png?width=1200&height=600&coordinates=0%2C10%2C0%2C76,"(34.0194704, -118.491227)","<a href=""https://news.google.com/rss/articles/CBMib2h0dHBzOi8vd3d3LnVwd29ydGh5LmNvbS9qZW5uaWZlci1nYXJuZXItd29ya3Mtd2l0aC1wYXBhcmF6em8tdG8tY3JlYXRlLWFuLWFjdC1vZi1raW5kbmVzcy1mb3ItaG9tZWxlc3MtbWFuLXJwM9IBfmh0dHBzOi8vd3d3LnVwd29ydGh5LmNvbS9hbXAvamVubmlmZXItZ2FybmVyLXdvcmtzLXdpdGgtcGFwYXJhenpvLXRvLWNyZWF0ZS1hbi1hY3Qtb2Yta2luZG5lc3MtZm9yLWhvbWVsZXNzLW1hbi1ycDMtMjY2NTcxOTQzNw?oc=5"" target=""_blank"">Jennifer Garner works with paparazzo to create an act of kindness for homeless man</a>&nbsp;&nbsp;<font color=""#6f6f6f"">Upworthy</font>",Google News
"Rolling Hills: Make Sushi, Make Friends - A Cup Of Kindness Mission Guide - GameRant",https://news.google.com/rss/articles/CBMiVGh0dHBzOi8vZ2FtZXJhbnQuY29tL3JvbGxpbmctaGlsbHMtbWFrZS1zdXNoaS1mcmllbmRzLWN1cC1vZi1raW5kbmVzcy1taXNzaW9uLWd1aWRlL9IBAA?oc=5,2024-06-06 10:47:00,C:/Users/Mikael Lemieux/Documents/Scripts/Curling_Scripts/Imagery/Curling News.png,,"<a href=""https://news.google.com/rss/articles/CBMiVGh0dHBzOi8vZ2FtZXJhbnQuY29tL3JvbGxpbmctaGlsbHMtbWFrZS1zdXNoaS1mcmllbmRzLWN1cC1vZi1raW5kbmVzcy1taXNzaW9uLWd1aWRlL9IBAA?oc=5"" target=""_blank"">Rolling Hills: Make Sushi, Make Friends - A Cup Of Kindness Mission Guide</a>&nbsp;&nbsp;<font color=""#6f6f6f"">GameRant</font>",Google News
Grayson Murray is remembered for his kindness during a player ceremony at the Memorial - The Associated Press,https://news.google.com/rss/articles/CBMiZWh0dHBzOi8vYXBuZXdzLmNvbS9hcnRpY2xlL2dyYXlzb24tbXVycmF5LW1lbW9yaWFsLW1vbmFoYW4tc2NoZWZmbGVyLTdjZTMwYzBmYWZhMGU5ZGEyMDQ1ZmFiNzcwOThiMTY30gEA?oc=5,2024-06-04 15:29:00,https://dims.apnews.com/dims4/default/b62ec45/2147483647/strip/true/crop/3307x1860+45+0/resize/1440x810!/quality/90/?url=https%3A%2F%2Fassets.apnews.com%2F4d%2F2d%2Fe4bec797be6a58a270d32ee3f5b8%2F188378c721dc434cb0d48384452acec9,"(32.753177, -97.3327459)","<a href=""https://news.google.com/rss/articles/CBMiZWh0dHBzOi8vYXBuZXdzLmNvbS9hcnRpY2xlL2dyYXlzb24tbXVycmF5LW1lbW9yaWFsLW1vbmFoYW4tc2NoZWZmbGVyLTdjZTMwYzBmYWZhMGU5ZGEyMDQ1ZmFiNzcwOThiMTY30gEA?oc=5"" target=""_blank"">Grayson Murray is remembered for his kindness during a player ceremony at the Memorial</a>&nbsp;&nbsp;<font color=""#6f6f6f"">The Associated Press</font>",Google News
CES spreads kindness | News | myeasternshoremd.com - MyEasternShoreMD,https://news.google.com/rss/articles/CBMieWh0dHBzOi8vd3d3Lm15ZWFzdGVybnNob3JlbWQuY29tL3FhL2NvbW11bml0eS9uZXdzL2Nlcy1zcHJlYWRzLWtpbmRuZXNzL2FydGljbGVfNmMxZGY0YTAtMjM4Ni0xMWVmLWIwZGMtNGJlNTRkNDIzN2IwLmh0bWzSAQA?oc=5,2024-06-07 21:56:00,https://bloximages.chicago2.vip.townnews.com/myeasternshoremd.com/content/tncms/assets/v3/editorial/6/a1/6a17ba62-238e-11ef-be9a-2fdc6f64ab6f/6660ec6463ec4.image.jpg?crop=1247%2C655%2C0%2C504&resize=1200%2C630&order=crop%2Cresize,"(39.7837304, -100.445882)","<a href=""https://news.google.com/rss/articles/CBMieWh0dHBzOi8vd3d3Lm15ZWFzdGVybnNob3JlbWQuY29tL3FhL2NvbW11bml0eS9uZXdzL2Nlcy1zcHJlYWRzLWtpbmRuZXNzL2FydGljbGVfNmMxZGY0YTAtMjM4Ni0xMWVmLWIwZGMtNGJlNTRkNDIzN2IwLmh0bWzSAQA?oc=5"" target=""_blank"">CES spreads kindness | News | myeasternshoremd.com</a>&nbsp;&nbsp;<font color=""#6f6f6f"">MyEasternShoreMD</font>",Google News
Operation Kindness Annual Kitten Shower Brings Joy and Support to Furry Friends - Hernando Sun,https://news.google.com/rss/articles/CBMid2h0dHBzOi8vd3d3Lmhlcm5hbmRvc3VuLmNvbS8yMDI0LzA2LzA3L29wZXJhdGlvbi1raW5kbmVzcy1hbm51YWwta2l0dGVuLXNob3dlci1icmluZ3Mtam95LWFuZC1zdXBwb3J0LXRvLWZ1cnJ5LWZyaWVuZHMv0gEA?oc=5,2024-06-08 00:10:37,https://www.hernandosun.com/wp-content/uploads/2024/06/pexels-snapwire-46024-scaled.jpg,"(38.6830248, -112.4107691)","<a href=""https://news.google.com/rss/articles/CBMid2h0dHBzOi8vd3d3Lmhlcm5hbmRvc3VuLmNvbS8yMDI0LzA2LzA3L29wZXJhdGlvbi1raW5kbmVzcy1hbm51YWwta2l0dGVuLXNob3dlci1icmluZ3Mtam95LWFuZC1zdXBwb3J0LXRvLWZ1cnJ5LWZyaWVuZHMv0gEA?oc=5"" target=""_blank"">Operation Kindness Annual Kitten Shower Brings Joy and Support to Furry Friends</a>&nbsp;&nbsp;<font color=""#6f6f6f"">Hernando Sun</font>",Google News
Highlighting acts of kindness - Simi Valley Acorn,https://news.google.com/rss/articles/CBMiR2h0dHBzOi8vd3d3LnNpbWl2YWxsZXlhY29ybi5jb20vYXJ0aWNsZXMvaGlnaGxpZ2h0aW5nLWFjdHMtb2Yta2luZG5lc3Mv0gEA?oc=5,2024-06-07 19:11:30,C:/Users/Mikael Lemieux/Documents/Scripts/Curling_Scripts/Imagery/Curling News.png,"(34.4458248, -119.0779359)","<a href=""https://news.google.com/rss/articles/CBMiR2h0dHBzOi8vd3d3LnNpbWl2YWxsZXlhY29ybi5jb20vYXJ0aWNsZXMvaGlnaGxpZ2h0aW5nLWFjdHMtb2Yta2luZG5lc3Mv0gEA?oc=5"" target=""_blank"">Highlighting acts of kindness</a>&nbsp;&nbsp;<font color=""#6f6f6f"">Simi Valley Acorn</font>",Google News
"'Kinds of Kindness' Trailer, Cast, and Everything We Know - Vulture",https://news.google.com/rss/articles/CBMiT2h0dHBzOi8vd3d3LnZ1bHR1cmUuY29tL2FydGljbGUva2luZC1vZi1raW5kbmVzcy1jYXN0LXRyYWlsZXItcmVsZWFzZS1kYXRlLmh0bWzSAQA?oc=5,2024-05-29 07:00:00,https://pyxis.nymag.com/v1/imgs/40a/f57/d6aa959ab41a7762e4fb582bd2dcb57114-001-latimes-exclusive-002-and-20221128-0.1x.rsocial.w1200.jpg,"(51.682949, -116.0355377)","<a href=""https://news.google.com/rss/articles/CBMiT2h0dHBzOi8vd3d3LnZ1bHR1cmUuY29tL2FydGljbGUva2luZC1vZi1raW5kbmVzcy1jYXN0LXRyYWlsZXItcmVsZWFzZS1kYXRlLmh0bWzSAQA?oc=5"" target=""_blank"">'Kinds of Kindness' Trailer, Cast, and Everything We Know</a>&nbsp;&nbsp;<font color=""#6f6f6f"">Vulture</font>",Google News
Unidentified neighbor makes overwhelmed student's day with unexpected act of kindness - Upworthy,https://news.google.com/rss/articles/CBMib2h0dHBzOi8vc2Nvb3AudXB3b3J0aHkuY29tL3VuaWRlbnRpZmllZC1uZWlnaGJvci1tYWtlcy1vdmVyd2hlbG1lZC1zdHVkZW50cy1kYXktd2l0aC11bmV4cGVjdGVkLWFjdC1vZi1raW5kbmVzc9IBAA?oc=5,2024-06-07 18:44:13,https://d34zrgnx1tq8w.cloudfront.net/696257/uploads/1669f8e0-1d8e-11ef-8c9e-8f52f6920da4_1200_630.jpeg,,"<a href=""https://news.google.com/rss/articles/CBMib2h0dHBzOi8vc2Nvb3AudXB3b3J0aHkuY29tL3VuaWRlbnRpZmllZC1uZWlnaGJvci1tYWtlcy1vdmVyd2hlbG1lZC1zdHVkZW50cy1kYXktd2l0aC11bmV4cGVjdGVkLWFjdC1vZi1raW5kbmVzc9IBAA?oc=5"" target=""_blank"">Unidentified neighbor makes overwhelmed student's day with unexpected act of kindness</a>&nbsp;&nbsp;<font color=""#6f6f6f"">Upworthy</font>",Google News
CWS Sanitation Truck driver spreads kindness throughout Lexington - WIS News 10,https://news.google.com/rss/articles/CBMiaWh0dHBzOi8vd3d3Lndpc3R2LmNvbS92aWRlby8yMDI0LzA2LzA2L2N3cy1zYW5pdGF0aW9uLXRydWNrLWRyaXZlci1zcHJlYWRzLWtpbmRuZXNzLXRocm91Z2hvdXQtbGV4aW5ndG9uL9IBAA?oc=5,2024-06-06 10:48:00,https://gray-wistv-prod.cdn.arcpublishing.com/resizer/v2/https%3A%2F%2Fdo0bihdskp9dy.cloudfront.net%2F06-06-2024%2Ft_da883094a8d94987a9274d294b950e78_name_file_1280x720_2000_v3_1_.jpg?auth=899b11abe327c18a4a3ceda0ed4ac9f2885fab9271940654ab4496d5d63c8349&width=1200&height=600&smart=true,,"<a href=""https://news.google.com/rss/articles/CBMiaWh0dHBzOi8vd3d3Lndpc3R2LmNvbS92aWRlby8yMDI0LzA2LzA2L2N3cy1zYW5pdGF0aW9uLXRydWNrLWRyaXZlci1zcHJlYWRzLWtpbmRuZXNzLXRocm91Z2hvdXQtbGV4aW5ndG9uL9IBAA?oc=5"" target=""_blank"">CWS Sanitation Truck driver spreads kindness throughout Lexington</a>&nbsp;&nbsp;<font color=""#6f6f6f"">WIS News 10</font>",Google News
Man saves stranger from getting a parking ticket through a small act of kindness - Upworthy,https://news.google.com/rss/articles/CBMia2h0dHBzOi8vc2Nvb3AudXB3b3J0aHkuY29tL21hbi1zYXZlcy1zdHJhbmdlci1mcm9tLWdldHRpbmctYS1wYXJraW5nLXRpY2tldC10aHJvdWdoLWEtc21hbGwtYWN0LW9mLWtpbmRuZXNz0gEA?oc=5,2024-06-09 10:30:02,https://d34zrgnx1tq8w.cloudfront.net/698078/uploads/099a9b70-2422-11ef-9bf4-71c0123c621d_1200_630.jpeg,,"<a href=""https://news.google.com/rss/articles/CBMia2h0dHBzOi8vc2Nvb3AudXB3b3J0aHkuY29tL21hbi1zYXZlcy1zdHJhbmdlci1mcm9tLWdldHRpbmctYS1wYXJraW5nLXRpY2tldC10aHJvdWdoLWEtc21hbGwtYWN0LW9mLWtpbmRuZXNz0gEA?oc=5"" target=""_blank"">Man saves stranger from getting a parking ticket through a small act of kindness</a>&nbsp;&nbsp;<font color=""#6f6f6f"">Upworthy</font>",Google News
School custodian gets a national nod because of his kindness - Chicago Tribune,https://news.google.com/rss/articles/CBMiZ2h0dHBzOi8vd3d3LmNoaWNhZ290cmlidW5lLmNvbS8yMDI0LzA2LzA4L3NjaG9vbC1jdXN0b2RpYW4tZ2V0cy1hLW5hdGlvbmFsLW5vZC1iZWNhdXNlLW9mLWhpcy1raW5kbmVzcy_SAQA?oc=5,2024-06-08 11:01:52,https://www.chicagotribune.com/wp-content/uploads/2024/06/STA-L-nuno-custodian-award-0610-01.jpg?w=1024&h=728,"(41.5062834, -87.6357079)","<a href=""https://news.google.com/rss/articles/CBMiZ2h0dHBzOi8vd3d3LmNoaWNhZ290cmlidW5lLmNvbS8yMDI0LzA2LzA4L3NjaG9vbC1jdXN0b2RpYW4tZ2V0cy1hLW5hdGlvbmFsLW5vZC1iZWNhdXNlLW9mLWhpcy1raW5kbmVzcy_SAQA?oc=5"" target=""_blank"">School custodian gets a national nod because of his kindness</a>&nbsp;&nbsp;<font color=""#6f6f6f"">Chicago Tribune</font>",Google News
Kindness Card Program lifts others up with thoughtful notes - CBS Pittsburgh,https://news.google.com/rss/articles/CBMiZWh0dHBzOi8vd3d3LmNic25ld3MuY29tL3BpdHRzYnVyZ2gvdmlkZW8va2luZG5lc3MtY2FyZC1wcm9ncmFtLWxpZnRzLW90aGVycy11cC13aXRoLXRob3VnaHRmdWwtbm90ZXMv0gEA?oc=5,2024-06-07 19:25:00,https://assets3.cbsnewsstatic.com/hub/i/r/2024/06/07/ba114e12-8769-4ada-af4b-6348de8ea8ff/thumbnail/1200x630/20275bde3acf372b1855f432bf3be5ae/b004ecae02ac4e664051176dde91b4b2.jpg?v=94cbb61397dbf7eca3740fa55510ba88,,"<a href=""https://news.google.com/rss/articles/CBMiZWh0dHBzOi8vd3d3LmNic25ld3MuY29tL3BpdHRzYnVyZ2gvdmlkZW8va2luZG5lc3MtY2FyZC1wcm9ncmFtLWxpZnRzLW90aGVycy11cC13aXRoLXRob3VnaHRmdWwtbm90ZXMv0gEA?oc=5"" target=""_blank"">Kindness Card Program lifts others up with thoughtful notes</a>&nbsp;&nbsp;<font color=""#6f6f6f"">CBS Pittsburgh</font>",Google News
"Rylan Kindness: I'm young, rich and successful and had to leave the country because other Australians are alwa - Daily Mail",https://news.google.com/rss/articles/CBMiWWh0dHBzOi8vd3d3LmRhaWx5bWFpbC5jby51ay9uZXdzL2FydGljbGUtMTM0OTk3OTUvUnlsYW4tS2luZG5lc3MtdGFsbC1wb3BweS1zeW5kcm9tZS5odG1s0gFdaHR0cHM6Ly93d3cuZGFpbHltYWlsLmNvLnVrL25ld3MvYXJ0aWNsZS0xMzQ5OTc5NS9hbXAvUnlsYW4tS2luZG5lc3MtdGFsbC1wb3BweS1zeW5kcm9tZS5odG1s?oc=5,2024-06-09 03:17:38,https://i.dailymail.co.uk/1s/2024/06/07/01/85821217-0-image-m-24_1717718722992.jpg,"(-24.7761086, 134.755)","<a href=""https://news.google.com/rss/articles/CBMiWWh0dHBzOi8vd3d3LmRhaWx5bWFpbC5jby51ay9uZXdzL2FydGljbGUtMTM0OTk3OTUvUnlsYW4tS2luZG5lc3MtdGFsbC1wb3BweS1zeW5kcm9tZS5odG1s0gFdaHR0cHM6Ly93d3cuZGFpbHltYWlsLmNvLnVrL25ld3MvYXJ0aWNsZS0xMzQ5OTc5NS9hbXAvUnlsYW4tS2luZG5lc3MtdGFsbC1wb3BweS1zeW5kcm9tZS5odG1s?oc=5"" target=""_blank"">Rylan Kindness: I'm young, rich and successful and had to leave the country because other Australians are alwa</a>&nbsp;&nbsp;<font color=""#6f6f6f"">Daily Mail</font>",Google News
LWLies 103: The Kinds of Kindness issue – Out now! - Little White Lies,https://news.google.com/rss/articles/CBMiS2h0dHBzOi8vbHdsaWVzLmNvbS9hcnRpY2xlcy9sd2xpZXMtMTAzLXRoZS1raW5kcy1vZi1raW5kbmVzcy1pc3N1ZS1vdXQtbm93L9IBAA?oc=5,2024-06-06 14:02:01,https://lwlies.com/wp-content/uploads/2024/06/website.jpg,"(44.3658647, -121.6685151)","<a href=""https://news.google.com/rss/articles/CBMiS2h0dHBzOi8vbHdsaWVzLmNvbS9hcnRpY2xlcy9sd2xpZXMtMTAzLXRoZS1raW5kcy1vZi1raW5kbmVzcy1pc3N1ZS1vdXQtbm93L9IBAA?oc=5"" target=""_blank"">LWLies 103: The Kinds of Kindness issue – Out now!</a>&nbsp;&nbsp;<font color=""#6f6f6f"">Little White Lies</font>",Google News
Mom's 'random act of kindness' in honor of her late daughter has left the internet in tears - GOOD,https://news.google.com/rss/articles/CBMibGh0dHBzOi8vd3d3Lmdvb2QuaXMvbW9tcy1yYW5kb20tYWN0LW9mLWtpbmRuZXNzLWluLWhvbm9yLW9mLWhlci1sYXRlLWRhdWdodGVyLWhhcy1sZWZ0LXRoZS1pbnRlcm5ldC1pbi10ZWFyc9IBAA?oc=5,2024-06-07 16:35:37,https://d1uky1dtpry8e9.cloudfront.net/696651/uploads/4548e5f0-1e5a-11ef-a8ac-1fe455e0471e_800_420.jpeg,"(33.4942189, -111.926018)","<a href=""https://news.google.com/rss/articles/CBMibGh0dHBzOi8vd3d3Lmdvb2QuaXMvbW9tcy1yYW5kb20tYWN0LW9mLWtpbmRuZXNzLWluLWhvbm9yLW9mLWhlci1sYXRlLWRhdWdodGVyLWhhcy1sZWZ0LXRoZS1pbnRlcm5ldC1pbi10ZWFyc9IBAA?oc=5"" target=""_blank"">Mom's 'random act of kindness' in honor of her late daughter has left the internet in tears</a>&nbsp;&nbsp;<font color=""#6f6f6f"">GOOD</font>",Google News
Operation Kindness opens Lifesaving Partnerships Hub in Dallas - Community Impact,https://news.google.com/rss/articles/CBMijQFodHRwczovL2NvbW11bml0eWltcGFjdC5jb20vZGFsbGFzLWZvcnQtd29ydGgvcmljaGFyZHNvbi9ub25wcm9maXQvMjAyNC8wNi8wNy9vcGVyYXRpb24ta2luZG5lc3Mtb3BlbnMtbGlmZXNhdmluZy1wYXJ0bmVyc2hpcHMtaHViLWluLWRhbGxhcy_SAQA?oc=5,2024-06-07 18:00:00,https://communityimpact.com/uploads/images/2024/06/07/313214.jpeg,"(32.7762719, -96.7968559)","<a href=""https://news.google.com/rss/articles/CBMijQFodHRwczovL2NvbW11bml0eWltcGFjdC5jb20vZGFsbGFzLWZvcnQtd29ydGgvcmljaGFyZHNvbi9ub25wcm9maXQvMjAyNC8wNi8wNy9vcGVyYXRpb24ta2luZG5lc3Mtb3BlbnMtbGlmZXNhdmluZy1wYXJ0bmVyc2hpcHMtaHViLWluLWRhbGxhcy_SAQA?oc=5"" target=""_blank"">Operation Kindness opens Lifesaving Partnerships Hub in Dallas</a>&nbsp;&nbsp;<font color=""#6f6f6f"">Community Impact</font>",Google News
"Dover High School Class of 2024 graduates, praised for kindness - Foster's Daily Democrat",https://news.google.com/rss/articles/CBMib2h0dHBzOi8vd3d3LmZvc3RlcnMuY29tL3N0b3J5L25ld3MvZWR1Y2F0aW9uLzIwMjQvMDYvMDYvZG92ZXItaGlnaC1zY2hvb2wtMjAyNC1ncmFkdWF0aW9uLWNlcmVtb255LzczOTU1NjU5MDA3L9IBAA?oc=5,2024-06-07 03:33:13,https://staticassets.gannettdigital.com/gci-static-assets/assets/global/checkout/meta-generic.png,,"<a href=""https://news.google.com/rss/articles/CBMib2h0dHBzOi8vd3d3LmZvc3RlcnMuY29tL3N0b3J5L25ld3MvZWR1Y2F0aW9uLzIwMjQvMDYvMDYvZG92ZXItaGlnaC1zY2hvb2wtMjAyNC1ncmFkdWF0aW9uLWNlcmVtb255LzczOTU1NjU5MDA3L9IBAA?oc=5"" target=""_blank"">Dover High School Class of 2024 graduates, praised for kindness</a>&nbsp;&nbsp;<font color=""#6f6f6f"">Foster's Daily Democrat</font>",Google News
The Fierce Kindness paradox: How HR should manage difficult workplace relationships - Unleash,https://news.google.com/rss/articles/CBMiggFodHRwczovL3d3dy51bmxlYXNoLmFpL3N0cmF0ZWd5LWFuZC1sZWFkZXJzaGlwL3RoZS1maWVyY2Uta2luZG5lc3MtcGFyYWRveC1ob3ctaHItc2hvdWxkLW1hbmFnZS1kaWZmaWN1bHQtd29ya3BsYWNlLXJlbGF0aW9uc2hpcHMv0gEA?oc=5,2024-06-05 15:34:37,https://www.unleash.ai/wp-content/uploads/2024/03/Fierce-.jpeg,"(51.5074456, -0.1277653)","<a href=""https://news.google.com/rss/articles/CBMiggFodHRwczovL3d3dy51bmxlYXNoLmFpL3N0cmF0ZWd5LWFuZC1sZWFkZXJzaGlwL3RoZS1maWVyY2Uta2luZG5lc3MtcGFyYWRveC1ob3ctaHItc2hvdWxkLW1hbmFnZS1kaWZmaWN1bHQtd29ya3BsYWNlLXJlbGF0aW9uc2hpcHMv0gEA?oc=5"" target=""_blank"">The Fierce Kindness paradox: How HR should manage difficult workplace relationships</a>&nbsp;&nbsp;<font color=""#6f6f6f"">Unleash</font>",Google News
Former Marine from Platte killed in car crash remembered for his unwavering kindness - Mitchell Republic,https://news.google.com/rss/articles/CBMigAFodHRwczovL3d3dy5taXRjaGVsbHJlcHVibGljLmNvbS9uZXdzL2xvY2FsL2Zvcm1lci1tYXJpbmUtZnJvbS1wbGF0dGUta2lsbGVkLWluLWNhci1jcmFzaC1yZW1lbWJlcmVkLWZvci1oaXMtdW53YXZlcmluZy1raW5kbmVzc9IBAA?oc=5,2024-06-07 19:17:00,https://cdn.forumcomm.com/dims4/default/2eaadfa/2147483647/strip/true/crop/645x660+0+0/resize/1042x1066!/quality/90/?url=https%3A%2F%2Fforum-communications-production-web.s3.us-west-2.amazonaws.com%2Fbrightspot%2F29%2F1e%2Fb870814846308b003c5b5e310afe%2Fimg-6390.jpg,"(38.6584211, -90.2672264)","<a href=""https://news.google.com/rss/articles/CBMigAFodHRwczovL3d3dy5taXRjaGVsbHJlcHVibGljLmNvbS9uZXdzL2xvY2FsL2Zvcm1lci1tYXJpbmUtZnJvbS1wbGF0dGUta2lsbGVkLWluLWNhci1jcmFzaC1yZW1lbWJlcmVkLWZvci1oaXMtdW53YXZlcmluZy1raW5kbmVzc9IBAA?oc=5"" target=""_blank"">Former Marine from Platte killed in car crash remembered for his unwavering kindness</a>&nbsp;&nbsp;<font color=""#6f6f6f"">Mitchell Republic</font>",Google News
Serving up kindness with 207 | | qchron.com - Queens Chronicle,https://news.google.com/rss/articles/CBMidGh0dHBzOi8vd3d3LnFjaHJvbi5jb20vZWRpdGlvbnMvc291dGgvc2VydmluZy11cC1raW5kbmVzcy13aXRoLTIwNy9hcnRpY2xlXzMxNmI0MTgzLTg1N2QtNWNiNC1iNmY4LTZmYmEzYjk5MThjMS5odG1s0gEA?oc=5,2024-06-06 14:30:00,C:/Users/Mikael Lemieux/Documents/Scripts/Curling_Scripts/Imagery/Curling News.png,,"<a href=""https://news.google.com/rss/articles/CBMidGh0dHBzOi8vd3d3LnFjaHJvbi5jb20vZWRpdGlvbnMvc291dGgvc2VydmluZy11cC1raW5kbmVzcy13aXRoLTIwNy9hcnRpY2xlXzMxNmI0MTgzLTg1N2QtNWNiNC1iNmY4LTZmYmEzYjk5MThjMS5odG1s0gEA?oc=5"" target=""_blank"">Serving up kindness with 207 | | qchron.com</a>&nbsp;&nbsp;<font color=""#6f6f6f"">Queens Chronicle</font>",Google News
Thanks for such great help and kindness – Yuma Pioneer - YumaPioneer,https://news.google.com/rss/articles/CBMiRGh0dHBzOi8vd3d3Lnl1bWFwaW9uZWVyLmNvbS90aGFua3MtZm9yLXN1Y2gtZ3JlYXQtaGVscC1hbmQta2luZG5lc3Mv0gEA?oc=5,2024-06-07 20:40:17,C:/Users/Mikael Lemieux/Documents/Scripts/Curling_Scripts/Imagery/Curling News.png,,"<a href=""https://news.google.com/rss/articles/CBMiRGh0dHBzOi8vd3d3Lnl1bWFwaW9uZWVyLmNvbS90aGFua3MtZm9yLXN1Y2gtZ3JlYXQtaGVscC1hbmQta2luZG5lc3Mv0gEA?oc=5"" target=""_blank"">Thanks for such great help and kindness – Yuma Pioneer</a>&nbsp;&nbsp;<font color=""#6f6f6f"">YumaPioneer</font>",Google News
Washington students recognized for kindness each Friday via book vending machine - 69News WFMZ-TV,https://news.google.com/rss/articles/CBMiswFodHRwczovL3d3dy53Zm16LmNvbS9uZXdzL2FyZWEvd2VzdGVybi1uZXdqZXJzZXkvd2FzaGluZ3Rvbi1zdHVkZW50cy1yZWNvZ25pemVkLWZvci1raW5kbmVzcy1lYWNoLWZyaWRheS12aWEtYm9vay12ZW5kaW5nLW1hY2hpbmUvYXJ0aWNsZV8zNDJjNGQxMi0yMmFhLTExZWYtYmM3NS0yMzZiYjczY2U3YTUuaHRtbNIBAA?oc=5,2024-06-07 21:30:00,C:/Users/Mikael Lemieux/Documents/Scripts/Curling_Scripts/Imagery/Curling News.png,,"<a href=""https://news.google.com/rss/articles/CBMiswFodHRwczovL3d3dy53Zm16LmNvbS9uZXdzL2FyZWEvd2VzdGVybi1uZXdqZXJzZXkvd2FzaGluZ3Rvbi1zdHVkZW50cy1yZWNvZ25pemVkLWZvci1raW5kbmVzcy1lYWNoLWZyaWRheS12aWEtYm9vay12ZW5kaW5nLW1hY2hpbmUvYXJ0aWNsZV8zNDJjNGQxMi0yMmFhLTExZWYtYmM3NS0yMzZiYjczY2U3YTUuaHRtbNIBAA?oc=5"" target=""_blank"">Washington students recognized for kindness each Friday via book vending machine</a>&nbsp;&nbsp;<font color=""#6f6f6f"">69News WFMZ-TV</font>",Google News
Emma Stone Improvised Her Memetastic 'Kinds of Kindness' Dance - Collider,https://news.google.com/rss/articles/CBMiOGh0dHBzOi8vY29sbGlkZXIuY29tL2VtbWEtc3RvbmUta2luZHMtb2Yta2luZG5lc3MtZGFuY2Uv0gEA?oc=5,2024-06-05 16:45:00,C:/Users/Mikael Lemieux/Documents/Scripts/Curling_Scripts/Imagery/Curling News.png,,"<a href=""https://news.google.com/rss/articles/CBMiOGh0dHBzOi8vY29sbGlkZXIuY29tL2VtbWEtc3RvbmUta2luZHMtb2Yta2luZG5lc3MtZGFuY2Uv0gEA?oc=5"" target=""_blank"">Emma Stone Improvised Her Memetastic 'Kinds of Kindness' Dance</a>&nbsp;&nbsp;<font color=""#6f6f6f"">Collider</font>",Google News
Grayson Murray is remembered for his kindness during a player ceremony at the Memorial | Daily Independent - Daily Independent,https://news.google.com/rss/articles/CBMigAFodHRwczovL3d3dy55b3VydmFsbGV5Lm5ldC9zdG9yaWVzL2dyYXlzb24tbXVycmF5LWlzLXJlbWVtYmVyZWQtZm9yLWhpcy1raW5kbmVzcy1kdXJpbmctYS1wbGF5ZXItY2VyZW1vbnktYXQtdGhlLW1lbW9yaWFsLDUxNDU2NtIBAA?oc=5,2024-06-04 15:29:59,C:/Users/Mikael Lemieux/Documents/Scripts/Curling_Scripts/Imagery/Curling News.png,,"<a href=""https://news.google.com/rss/articles/CBMigAFodHRwczovL3d3dy55b3VydmFsbGV5Lm5ldC9zdG9yaWVzL2dyYXlzb24tbXVycmF5LWlzLXJlbWVtYmVyZWQtZm9yLWhpcy1raW5kbmVzcy1kdXJpbmctYS1wbGF5ZXItY2VyZW1vbnktYXQtdGhlLW1lbW9yaWFsLDUxNDU2NtIBAA?oc=5"" target=""_blank"">Grayson Murray is remembered for his kindness during a player ceremony at the Memorial | Daily Independent</a>&nbsp;&nbsp;<font color=""#6f6f6f"">Daily Independent</font>",Google News
PHOTOS: Annual Sudell Sprint & Color Run at Western Middle School Spreads Kindness - Greenwich Free Press,https://news.google.com/rss/articles/CBMifmh0dHBzOi8vZ3JlZW53aWNoZnJlZXByZXNzLmNvbS9zY2hvb2xzL3Bob3Rvcy1hbm51YWwtc3VkZWxsLXNwcmludC1jb2xvci1ydW4tYXQtd2VzdGVybi1taWRkbGUtc2Nob29sLXNwcmVhZHMta2luZG5lc3MtMjE3NzkzL9IBAA?oc=5,2024-06-06 18:18:17,https://greenwichfreepress.com/wp-content/uploads/2024/06/Screen-Shot-2024-06-06-at-7.02.52-AM-1170x827.jpg,"(51.46862565, 0.04883057313755089)","<a href=""https://news.google.com/rss/articles/CBMifmh0dHBzOi8vZ3JlZW53aWNoZnJlZXByZXNzLmNvbS9zY2hvb2xzL3Bob3Rvcy1hbm51YWwtc3VkZWxsLXNwcmludC1jb2xvci1ydW4tYXQtd2VzdGVybi1taWRkbGUtc2Nob29sLXNwcmVhZHMta2luZG5lc3MtMjE3NzkzL9IBAA?oc=5"" target=""_blank"">PHOTOS: Annual Sudell Sprint & Color Run at Western Middle School Spreads Kindness</a>&nbsp;&nbsp;<font color=""#6f6f6f"">Greenwich Free Press</font>",Google News
Kinds of Kindness: the particularities - nss magazine,https://news.google.com/rss/articles/CBMiWmh0dHBzOi8vd3d3Lm5zc21hZy5jb20vZW4vbGlmZXN0eWxlLzM2OTYzL2tpbmRzLW9mLWtpbmRuZXNzLW1vdmllLXlvcmdvcy1sYW50aGltb3MtcmVsZWFzZdIBAA?oc=5,2024-06-07 09:00:08,C:/Users/Mikael Lemieux/Documents/Scripts/Curling_Scripts/Imagery/Curling News.png,,"<a href=""https://news.google.com/rss/articles/CBMiWmh0dHBzOi8vd3d3Lm5zc21hZy5jb20vZW4vbGlmZXN0eWxlLzM2OTYzL2tpbmRzLW9mLWtpbmRuZXNzLW1vdmllLXlvcmdvcy1sYW50aGltb3MtcmVsZWFzZdIBAA?oc=5"" target=""_blank"">Kinds of Kindness: the particularities</a>&nbsp;&nbsp;<font color=""#6f6f6f"">nss magazine</font>",Google News
Woman makes childhood friend's day with a sweet message reminiscing about their kindness - Upworthy,https://news.google.com/rss/articles/CBMicmh0dHBzOi8vc2Nvb3AudXB3b3J0aHkuY29tL3dvbWFuLW1ha2VzLWNoaWxkaG9vZC1mcmllbmRzLWRheS13aXRoLWEtc3dlZXQtbWVzc2FnZS1yZW1pbmlzY2luZy1hYm91dC10aGVpci1raW5kbmVzc9IBAA?oc=5,2024-06-07 03:00:01,https://d34zrgnx1tq8w.cloudfront.net/696289/uploads/4249fbf0-1ce8-11ef-a2c6-c78472447758_1200_630.jpeg,,"<a href=""https://news.google.com/rss/articles/CBMicmh0dHBzOi8vc2Nvb3AudXB3b3J0aHkuY29tL3dvbWFuLW1ha2VzLWNoaWxkaG9vZC1mcmllbmRzLWRheS13aXRoLWEtc3dlZXQtbWVzc2FnZS1yZW1pbmlzY2luZy1hYm91dC10aGVpci1raW5kbmVzc9IBAA?oc=5"" target=""_blank"">Woman makes childhood friend's day with a sweet message reminiscing about their kindness</a>&nbsp;&nbsp;<font color=""#6f6f6f"">Upworthy</font>",Google News
"Shared music experiences enhance pleasure and boost kindness, according to new psychology research - PsyPost",https://news.google.com/rss/articles/CBMiemh0dHBzOi8vd3d3LnBzeXBvc3Qub3JnL3NoYXJlZC1tdXNpYy1leHBlcmllbmNlcy1lbmhhbmNlLXBsZWFzdXJlLWFuZC1ib29zdC1raW5kbmVzcy1hY2NvcmRpbmctdG8tbmV3LXBzeWNob2xvZ3ktcmVzZWFyY2gv0gEA?oc=5,2024-06-07 10:06:57,C:/Users/Mikael Lemieux/Documents/Scripts/Curling_Scripts/Imagery/Curling News.png,,"<a href=""https://news.google.com/rss/articles/CBMiemh0dHBzOi8vd3d3LnBzeXBvc3Qub3JnL3NoYXJlZC1tdXNpYy1leHBlcmllbmNlcy1lbmhhbmNlLXBsZWFzdXJlLWFuZC1ib29zdC1raW5kbmVzcy1hY2NvcmRpbmctdG8tbmV3LXBzeWNob2xvZ3ktcmVzZWFyY2gv0gEA?oc=5"" target=""_blank"">Shared music experiences enhance pleasure and boost kindness, according to new psychology research</a>&nbsp;&nbsp;<font color=""#6f6f6f"">PsyPost</font>",Google News
"A tribute to Natick's Frank Lam, 'a beacon of kindness and compassion' - Natick Report",https://news.google.com/rss/articles/CBMiaGh0dHBzOi8vd3d3Lm5hdGlja3JlcG9ydC5jb20vMjAyNC8wNi9hLXRyaWJ1dGUtdG8tbmF0aWNrcy1mcmFuay1sYW0tYS1iZWFjb24tb2Yta2luZG5lc3MtYW5kLWNvbXBhc3Npb24v0gEA?oc=5,2024-06-05 20:25:38,C:/Users/Mikael Lemieux/Documents/Scripts/Curling_Scripts/Imagery/Curling News.png,,"<a href=""https://news.google.com/rss/articles/CBMiaGh0dHBzOi8vd3d3Lm5hdGlja3JlcG9ydC5jb20vMjAyNC8wNi9hLXRyaWJ1dGUtdG8tbmF0aWNrcy1mcmFuay1sYW0tYS1iZWFjb24tb2Yta2luZG5lc3MtYW5kLWNvbXBhc3Npb24v0gEA?oc=5"" target=""_blank"">A tribute to Natick's Frank Lam, 'a beacon of kindness and compassion'</a>&nbsp;&nbsp;<font color=""#6f6f6f"">Natick Report</font>",Google News
Tain Tesco stranger's act of kindness leaves Dad in tears - Northern Times,https://news.google.com/rss/articles/CBMiamh0dHBzOi8vd3d3Lm5vcnRoZXJuLXRpbWVzLmNvLnVrL25ld3Mvc3RyYW5nZXItcy1raW5kbmVzcy1sZWF2ZXMtZGFkLW9mLWJyYWluLWRpc29yZGVyLWxhc3MtaW4tdGVhLTM1Mjc2MS_SAQA?oc=5,2024-06-09 07:01:00,https://www.northern-times.co.uk/_media/img/5NJBBCQG5UCRMOK3LTQ6.jpg,"(39.7837304, -100.445882)","<a href=""https://news.google.com/rss/articles/CBMiamh0dHBzOi8vd3d3Lm5vcnRoZXJuLXRpbWVzLmNvLnVrL25ld3Mvc3RyYW5nZXItcy1raW5kbmVzcy1sZWF2ZXMtZGFkLW9mLWJyYWluLWRpc29yZGVyLWxhc3MtaW4tdGVhLTM1Mjc2MS_SAQA?oc=5"" target=""_blank"">Tain Tesco stranger's act of kindness leaves Dad in tears</a>&nbsp;&nbsp;<font color=""#6f6f6f"">Northern Times</font>",Google News
Kindergartner builds garden of 'kindness rocks' at LI hospital - Newsday,https://news.google.com/rss/articles/CBMibWh0dHBzOi8vd3d3Lm5ld3NkYXkuY29tL2xvbmctaXNsYW5kL3Rvd25zL2tpbmRuZXNzLXJvY2tzLXBhdGllbnRzLWdvb2Qtc2FtYXJpdGFuLXVuaXZlcnNpdHktaG9zcGl0YWwtcHJ5MHdjdzfSAQA?oc=5,2024-06-03 07:00:00,https://cdn.newsday.com/ace/c:OTJkNGI0ZTYtMzkzMy00:N2QwOWM0/landscape/1280,,"<a href=""https://news.google.com/rss/articles/CBMibWh0dHBzOi8vd3d3Lm5ld3NkYXkuY29tL2xvbmctaXNsYW5kL3Rvd25zL2tpbmRuZXNzLXJvY2tzLXBhdGllbnRzLWdvb2Qtc2FtYXJpdGFuLXVuaXZlcnNpdHktaG9zcGl0YWwtcHJ5MHdjdzfSAQA?oc=5"" target=""_blank"">Kindergartner builds garden of 'kindness rocks' at LI hospital</a>&nbsp;&nbsp;<font color=""#6f6f6f"">Newsday</font>",Google News
"'Owlman' Clarence Cameron has died, leaving a legacy of art, community and kindness - Madison.com",https://news.google.com/rss/articles/CBMilwFodHRwczovL21hZGlzb24uY29tL2xpZmUtZW50ZXJ0YWlubWVudC9sb2NhbC9hcnQtdGhlYXRlci9vd2xtYW4tY2xhcmVuY2UtY2FtZXJvbi1sb2NraGFydC1hcnRpc3QtZGllZC9hcnRpY2xlXzk0ZmU4YTY2LTIyZjQtMTFlZi1hOTRkLThiYjg5Y2M5NTExNC5odG1s0gEA?oc=5,2024-06-05 16:30:00,C:/Users/Mikael Lemieux/Documents/Scripts/Curling_Scripts/Imagery/Curling News.png,,"<a href=""https://news.google.com/rss/articles/CBMilwFodHRwczovL21hZGlzb24uY29tL2xpZmUtZW50ZXJ0YWlubWVudC9sb2NhbC9hcnQtdGhlYXRlci9vd2xtYW4tY2xhcmVuY2UtY2FtZXJvbi1sb2NraGFydC1hcnRpc3QtZGllZC9hcnRpY2xlXzk0ZmU4YTY2LTIyZjQtMTFlZi1hOTRkLThiYjg5Y2M5NTExNC5odG1s0gEA?oc=5"" target=""_blank"">'Owlman' Clarence Cameron has died, leaving a legacy of art, community and kindness</a>&nbsp;&nbsp;<font color=""#6f6f6f"">Madison.com</font>",Google News
Chef Roy Choi urges CSUF Class of 2024 to ‘lead with kindness’ - OCRegister,https://news.google.com/rss/articles/CBMiY2h0dHBzOi8vd3d3Lm9jcmVnaXN0ZXIuY29tLzIwMjQvMDYvMDMvY2hlZi1yb3ktY2hvaS11cmdlcy1jc3VmLWNsYXNzLW9mLTIwMjQtdG8tbGVhZC13aXRoLWtpbmRuZXNzL9IBZ2h0dHBzOi8vd3d3Lm9jcmVnaXN0ZXIuY29tLzIwMjQvMDYvMDMvY2hlZi1yb3ktY2hvaS11cmdlcy1jc3VmLWNsYXNzLW9mLTIwMjQtdG8tbGVhZC13aXRoLWtpbmRuZXNzL2FtcC8?oc=5,2024-06-03 13:28:35,https://www.ocregister.com/wp-content/uploads/2024/06/CSF-L-CHOI-0602-1.jpg?w=1024&h=682,"(23.055660099999997, 81.85415131653889)","<a href=""https://news.google.com/rss/articles/CBMiY2h0dHBzOi8vd3d3Lm9jcmVnaXN0ZXIuY29tLzIwMjQvMDYvMDMvY2hlZi1yb3ktY2hvaS11cmdlcy1jc3VmLWNsYXNzLW9mLTIwMjQtdG8tbGVhZC13aXRoLWtpbmRuZXNzL9IBZ2h0dHBzOi8vd3d3Lm9jcmVnaXN0ZXIuY29tLzIwMjQvMDYvMDMvY2hlZi1yb3ktY2hvaS11cmdlcy1jc3VmLWNsYXNzLW9mLTIwMjQtdG8tbGVhZC13aXRoLWtpbmRuZXNzL2FtcC8?oc=5"" target=""_blank"">Chef Roy Choi urges CSUF Class of 2024 to ‘lead with kindness’</a>&nbsp;&nbsp;<font color=""#6f6f6f"">OCRegister</font>",Google News
"Wellesley Council on Aging pays tribute to Frank Lam, 'a beacon of kindness and compassion' - The Swellesley Report",https://news.google.com/rss/articles/CBMigQFodHRwczovL3RoZXN3ZWxsZXNsZXlyZXBvcnQuY29tLzIwMjQvMDYvd2VsbGVzbGV5LWNvdW5jaWwtb24tYWdpbmctcGF5cy10cmlidXRlLXRvLWZyYW5rLWxhbS1hLWJlYWNvbi1vZi1raW5kbmVzcy1hbmQtY29tcGFzc2lvbi_SAQA?oc=5,2024-06-05 18:25:45,C:/Users/Mikael Lemieux/Documents/Scripts/Curling_Scripts/Imagery/Curling News.png,,"<a href=""https://news.google.com/rss/articles/CBMigQFodHRwczovL3RoZXN3ZWxsZXNsZXlyZXBvcnQuY29tLzIwMjQvMDYvd2VsbGVzbGV5LWNvdW5jaWwtb24tYWdpbmctcGF5cy10cmlidXRlLXRvLWZyYW5rLWxhbS1hLWJlYWNvbi1vZi1raW5kbmVzcy1hbmQtY29tcGFzc2lvbi_SAQA?oc=5"" target=""_blank"">Wellesley Council on Aging pays tribute to Frank Lam, 'a beacon of kindness and compassion'</a>&nbsp;&nbsp;<font color=""#6f6f6f"">The Swellesley Report</font>",Google News
Healthy Colorado: Kindness impacts on mental health - KRDO,https://news.google.com/rss/articles/CBMiZ2h0dHBzOi8va3Jkby5jb20vaGVhbHRoL2hlYWx0aHktY29sb3JhZG8vMjAyNC8wNS8zMS9oZWFsdGh5LWNvbG9yYWRvLWtpbmRuZXNzLWltcGFjdHMtb24tbWVudGFsLWhlYWx0aC_SAQA?oc=5,2024-05-31 15:03:43,https://krdo.b-cdn.net/2024/05/p-healhty-co-kindness.00_00_54_24.Still001.jpg,"(38.7251776, -105.607716)","<a href=""https://news.google.com/rss/articles/CBMiZ2h0dHBzOi8va3Jkby5jb20vaGVhbHRoL2hlYWx0aHktY29sb3JhZG8vMjAyNC8wNS8zMS9oZWFsdGh5LWNvbG9yYWRvLWtpbmRuZXNzLWltcGFjdHMtb24tbWVudGFsLWhlYWx0aC_SAQA?oc=5"" target=""_blank"">Healthy Colorado: Kindness impacts on mental health</a>&nbsp;&nbsp;<font color=""#6f6f6f"">KRDO</font>",Google News
'Survivor' begs fans to 'embrace kindness' after Maria Gonzalez's epic betrayal - Toronto Sun,https://news.google.com/rss/articles/CBMiemh0dHBzOi8vdG9yb250b3N1bi5jb20vZW50ZXJ0YWlubWVudC90ZWxldmlzaW9uL3N1cnZpdm9yLWJlZ3MtZmFucy10by1lbWJyYWNlLWtpbmRuZXNzLWFmdGVyLW1hcmlhLWdvbnphbGV6cy1lcGljLWJldHJheWFs0gEA?oc=5,2024-06-03 18:01:27,C:/Users/Mikael Lemieux/Documents/Scripts/Curling_Scripts/Imagery/Curling News.png,,"<a href=""https://news.google.com/rss/articles/CBMiemh0dHBzOi8vdG9yb250b3N1bi5jb20vZW50ZXJ0YWlubWVudC90ZWxldmlzaW9uL3N1cnZpdm9yLWJlZ3MtZmFucy10by1lbWJyYWNlLWtpbmRuZXNzLWFmdGVyLW1hcmlhLWdvbnphbGV6cy1lcGljLWJldHJheWFs0gEA?oc=5"" target=""_blank"">'Survivor' begs fans to 'embrace kindness' after Maria Gonzalez's epic betrayal</a>&nbsp;&nbsp;<font color=""#6f6f6f"">Toronto Sun</font>",Google News
Gr8 Acts of Kindness winner uncovers the past; preserves history - KAIT,https://news.google.com/rss/articles/CBMiWmh0dHBzOi8vd3d3LmthaXQ4LmNvbS8yMDI0LzA1LzMwL2dyOC1hY3RzLWtpbmRuZXNzLXdpbm5lci11bmNvdmVycy1wYXN0LXByZXNlcnZlcy1oaXN0b3J5L9IBaWh0dHBzOi8vd3d3LmthaXQ4LmNvbS8yMDI0LzA1LzMwL2dyOC1hY3RzLWtpbmRuZXNzLXdpbm5lci11bmNvdmVycy1wYXN0LXByZXNlcnZlcy1oaXN0b3J5Lz9vdXRwdXRUeXBlPWFtcA?oc=5,2024-05-29 07:00:00,https://gray-kait-prod.cdn.arcpublishing.com/resizer/v2/ER3XJBZ7ZNGBBDZ7YWPHBTPUHM.JPG?auth=a9467be7926b5ce4659703e4ebdd9f4dc81ac3818dcf70b7c86d2fe9de89cab1&width=1200&height=600&smart=true,"(35.821742, -91.1284584)","<a href=""https://news.google.com/rss/articles/CBMiWmh0dHBzOi8vd3d3LmthaXQ4LmNvbS8yMDI0LzA1LzMwL2dyOC1hY3RzLWtpbmRuZXNzLXdpbm5lci11bmNvdmVycy1wYXN0LXByZXNlcnZlcy1oaXN0b3J5L9IBaWh0dHBzOi8vd3d3LmthaXQ4LmNvbS8yMDI0LzA1LzMwL2dyOC1hY3RzLWtpbmRuZXNzLXdpbm5lci11bmNvdmVycy1wYXN0LXByZXNlcnZlcy1oaXN0b3J5Lz9vdXRwdXRUeXBlPWFtcA?oc=5"" target=""_blank"">Gr8 Acts of Kindness winner uncovers the past; preserves history</a>&nbsp;&nbsp;<font color=""#6f6f6f"">KAIT</font>",Google News
Can optimism contribute to worker health? | News | Harvard T.H. Chan School of Public Health - HSPH News,https://news.google.com/rss/articles/CBMiVWh0dHBzOi8vd3d3LmhzcGguaGFydmFyZC5lZHUvbmV3cy9mZWF0dXJlcy9vcHRpbWlzbS1raW5kbmVzcy13b3JrZXItaGVhbHRoLXdlbGxiZWluZy_SAQA?oc=5,2024-05-31 16:04:13,https://www.hsph.harvard.edu/news/wp-content/uploads/sites/21/2024/05/24_05_03-koga_kubsansky_098.jpg,"(36.5748441, 139.2394179)","<a href=""https://news.google.com/rss/articles/CBMiVWh0dHBzOi8vd3d3LmhzcGguaGFydmFyZC5lZHUvbmV3cy9mZWF0dXJlcy9vcHRpbWlzbS1raW5kbmVzcy13b3JrZXItaGVhbHRoLXdlbGxiZWluZy_SAQA?oc=5"" target=""_blank"">Can optimism contribute to worker health? | News | Harvard T.H. Chan School of Public Health</a>&nbsp;&nbsp;<font color=""#6f6f6f"">HSPH News</font>",Google News
Murray remembered for kindness during player ceremony - The Sentinel,https://news.google.com/rss/articles/CBMikwFodHRwczovL2N1bWJlcmxpbmsuY29tL3Nwb3J0cy9wcm9mZXNzaW9uYWwvZ3JheXNvbi1tdXJyYXktcGdhLW1lbW9yaWFsLW9oaW8tbWVudGFsLWhlYWx0aC1tb25haGFuL2FydGljbGVfOTg0MzJhZGQtNDI5OC01ZDJhLTkxZTctYTQwN2M0MzgxMGU0Lmh0bWzSAQA?oc=5,2024-06-04 16:17:00,C:/Users/Mikael Lemieux/Documents/Scripts/Curling_Scripts/Imagery/Curling News.png,,"<a href=""https://news.google.com/rss/articles/CBMikwFodHRwczovL2N1bWJlcmxpbmsuY29tL3Nwb3J0cy9wcm9mZXNzaW9uYWwvZ3JheXNvbi1tdXJyYXktcGdhLW1lbW9yaWFsLW9oaW8tbWVudGFsLWhlYWx0aC1tb25haGFuL2FydGljbGVfOTg0MzJhZGQtNDI5OC01ZDJhLTkxZTctYTQwN2M0MzgxMGU0Lmh0bWzSAQA?oc=5"" target=""_blank"">Murray remembered for kindness during player ceremony</a>&nbsp;&nbsp;<font color=""#6f6f6f"">The Sentinel</font>",Google News
